ACC,Loss,LossPrivileged,LossUnprivileged,AEQ,OEQ,OPP,drift-id,gm-id,gm-name
0.8613607188703466,0.3040615,0.31232503,0.23285241,0.9506221297641009,0.9365580367710882,0.8669002688280271,0,0,0
0.8305519897304237,0.4124625,0.32404536,1.3520597,0.8133707502421338,0.8378510911233423,0.7738615780908231,4,0,0
0.8421052631578947,0.3466515,0.31956768,0.67716515,0.8347595649533485,0.8605700879216811,0.8657925487509958,4,4,4
0.8600770218228498,0.32807887,0.29670104,0.6141463,0.7352325094260578,0.7990360484856771,0.7154306209248125,4,4,4
0.8254172015404364,0.36471942,0.33414307,0.75948143,0.5658916975881262,0.6587323648971783,0.5735529788838613,2,4,4
0.8908857509627728,0.26409462,0.26506907,0.25422493,0.993625678119349,0.8336080099237994,0.9546034786403911,2,2,2
0.8446726572528883,0.44432113,0.29246917,1.8090423,0.5508271298593879,0.5505565325538151,0.5065112252612253,3,2,2
0.8639281129653402,0.31314266,0.30018002,0.4296404,0.944465496189634,0.695132867132867,0.9003834850893674,3,3,3
0.858793324775353,0.32544786,0.318281,0.39372665,0.97310654971281,0.6990690439651495,0.9668792994131971,3,3,3
